﻿Rank,TeamId,TeamName,LastSubmissionDate,Score,SubmissionCount,TeamMemberUserNames
1,14300573,T0nhao,"2025-09-28 19:33:39",0.84057,2,t0nhao
2,14424319,"Richard Alves","2025-09-28 13:05:11",0.81884,15,richarddalves
3,14437624,"Rafael Ryu Nakahara","2025-09-29 03:04:34",0.81884,16,rafaelryunakahara
4,14366389,"Pietro Alkmin","2025-09-29 10:47:55",0.81884,10,pietroalkmin
5,14452214,"Caua Asquino","2025-09-29 13:55:32",0.81884,2,cauaasquino
6,14440217,RafaelSR44,"2025-09-26 19:27:15",0.81159,1,rafaelsr44
7,14316568,"Kaian Santos Moura","2025-09-29 00:57:53",0.81159,6,kaiansantosmoura
8,14449007,"Sacha Kefif Inteli","2025-09-29 13:08:24",0.81159,9,sachakefifinteli
9,14425545,"Nicole Zanin","2025-09-29 16:21:39",0.81159,11,nicolezanin
10,14340793,pvitoralmeida,"2025-09-27 19:26:52",0.80434,13,pvitoralmeida
11,14387996,"Marcela Costa","2025-09-26 12:47:02",0.80434,2,marcelacosta7
12,14419014,"Alice Devens Carvalho","2025-09-29 02:54:22",0.80434,10,alicedevens
13,14437548,"Marcus Valente","2025-09-29 02:17:28",0.80434,10,marcusvalente
14,14439537,"Bernardo Gonzaga","2025-09-29 05:45:19",0.80434,12,bernardogonzaga
15,14388572,"Ana Ribeiro","2025-09-29 16:56:49",0.80434,5,anajuliarrod
16,14439275,"Rodrigo Ferraz","2025-09-29 16:39:13",0.80434,10,rodrigoferraz0909
17,14429249,"Mirela Bianchi","2025-09-29 16:00:52",0.80434,13,mirelabianchi
18,14299400,"The best gringo","2025-09-29 14:54:46",0.80434,8,sachakefif
19,14431383,"Karol Barbosa","2025-09-29 16:50:21",0.80434,11,karolbarbosa
20,14449060,"Carol Paz","2025-09-29 17:13:49",0.80434,1,carolpaz
21,14351327,"Aira Souza","2025-09-28 01:09:26",0.79710,9,airasouza
22,14435483,AdrianaFernandes,"2025-09-28 22:23:21",0.79710,7,adrianafernandes
23,14425052,"Maria Vitória dos Santos","2025-09-29 16:05:40",0.79710,9,mariasanttos
24,14312272,"Lucas Cofcewicz","2025-09-29 14:49:31",0.79710,10,lucascofcewicz
25,14394384,"Christian Santos","2025-09-29 12:45:02",0.79710,9,christianvinicius
26,14308653,"Livia Tavares","2025-09-29 11:19:07",0.79710,30,liviatavares
27,14298514,"Stefanne Soares","2025-09-29 12:49:32",0.79710,13,stefannesoares
28,14452173,Boczar,"2025-09-29 17:09:09",0.79710,3,boczar
29,14445387,"Hugo Montan","2025-09-29 13:42:06",0.79710,3,hugomontanf
30,14452112,"Alexsander Barbosa","2025-09-29 16:35:31",0.79710,5,alexsanderbarbosa
31,14436409,"Guilherme Schmidt","2025-09-29 15:21:34",0.79710,5,schmidtdex
32,14424141,"Leonardo Lameda","2025-09-29 15:45:19",0.79710,7,leonardolameda
33,14393706,"Isabela Peçanha","2025-09-29 16:58:36",0.79710,4,isabelapecanha
34,14414495,"Ana Cristina Alves","2025-09-29 16:58:59",0.78985,8,anacristinaalves
35,14418665,"Sara Sbardelotto","2025-09-26 02:31:24",0.78985,5,sarasbardelotto
36,14400111,"Mike Buchsenspaner","2025-09-29 14:38:57",0.78985,7,mikebuchsenspaner
37,14424715,"Pedro Jorge Soares","2025-09-29 14:17:48",0.78985,16,pedrojorgesoares
38,14444201,ReimaS,"2025-09-27 15:34:51",0.78985,5,reimas
39,14439480,"Victor Grycajuk","2025-09-27 22:46:28",0.78985,2,victorgrycajuk
40,14417633,"Eduardo Lucio","2025-09-28 23:49:19",0.78985,2,eduardolucioo
41,14306900,"Leonardo Corbi","2025-09-29 15:02:37",0.78985,3,leonardocorbi
42,14423991,"Teodoro Neira","2025-09-29 13:16:16",0.78985,3,teodoroneira
43,14395400,"Sofia Arone","2025-09-29 14:31:01",0.78985,1,sofiaarone
44,14396825,"Rafael Gomes","2025-09-29 14:39:30",0.78985,4,gomesraf
45,14405015,"Guilherme Hassenpflug","2025-09-29 15:35:22",0.78985,1,guilhermehassenpflug
46,14429229,"Luigi Garotti","2025-09-29 17:00:46",0.78985,1,luigigarotti
47,14417716,"Antonio Cillo","2025-09-28 20:04:39",0.78260,6,antoniocillo
48,14302882,"Joao Dias","2025-09-29 16:40:59",0.78260,8,joaocardosodias
49,14417217,"Matheus Ferreira","2025-09-29 00:37:32",0.78260,10,mqtheusferreirq
50,14445162,"Maria Eduarda Oliveira","2025-09-29 03:18:39",0.78260,1,mariaoliveiraa
51,14420295,"Yudi Omaki","2025-09-29 12:35:11",0.78260,1,yudiomaki
52,14448415,"Augustin de Vains","2025-09-29 17:12:42",0.78260,5,augustindevains
53,14417737,"Gabriel Mutter de Souza","2025-09-29 16:37:45",0.78260,1,gabrielmutterdesouza
54,14360245,"Joseph Mansur","2025-09-29 16:46:06",0.78260,1,josephmansur
55,14452039,MarianaReis,"2025-09-29 17:02:47",0.78260,5,marianalreis
56,14426516,"Nicholas Millani","2025-09-25 11:56:39",0.77536,4,nicholasmillani
57,14430857,"Paulo Fernandeskj","2025-09-29 16:03:56",0.77536,4,paulofernandeskj
58,14353047,"Daniel Polakiewicz Guilger","2025-09-29 16:33:46",0.77536,6,danguilger
59,14409446,"Felipe Karpovas Lisak","2025-09-28 14:54:21",0.77536,1,felipekarpovaslisak
60,14346951,"Jaime Almeida","2025-09-28 21:46:25",0.77536,2,jaimealmeida9
61,14445548,"Isaac Santos","2025-09-29 16:09:15",0.77536,3,mitsui333
62,14424686,"Livia C Oliveira","2025-09-29 12:49:45",0.76811,7,liviacoliveira
63,14325437,"Raphael Skitnevsky","2025-09-29 16:27:16",0.76811,1,raphaelskitnevsky
64,14452316,"Emanuelly Dias","2025-09-29 13:26:00",0.76086,1,emanuellydias
65,14452754,"Carlos Eduardo Serrano Quaglia","2025-09-29 14:46:16",0.76086,1,carlosquaglia
66,14434611,"Guilherme Holanda","2025-09-28 03:56:44",0.75362,3,guholanda
67,14394068,"Arthur marques almeida","2025-09-29 13:45:26",0.75362,1,arthurmarquesalmeida
68,14364062,"Pedro Souza","2025-09-29 16:38:54",0.75362,2,pedrosouza30
69,14404857,"Lorenzo Ferrari Aggio","2025-09-29 16:45:24",0.74637,1,lorenzoferrariaggio
70,14308419,"Matheus Scapolan","2025-09-26 21:52:32",0.73913,1,matheusscapolan
71,14303143,"Enzo Cerutti","2025-09-29 12:11:08",0.73913,1,enzocerutti
72,14328708,"Pedro Damacena Machado Uchoa","2025-09-29 16:39:11",0.71014,1,pedrouchoaa
73,14445105,pingola,"2025-09-29 04:34:47",0.66666,1,leunamsousadejesus
74,14452061,"Gabriel Goldsztajn","2025-09-29 16:56:18",0.50724,1,gabrielgoldsztajn
75,14412775,LuanaLima07,"2025-09-29 14:55:17",0.47826,3,luanalima07
